"subject","choice1","choice2","happen1","happen2","possible1","possible2","surveyTime","quizTime","experimentTime","timeTaken","quizEndTime","surveyEndTime","engagement","clicks","cognition1","cognition2","approvals","age","ethnicity","nation","sex","employment","completionCode","studentStatus"
1,0,0,0,0,1,1,175297,104453,47729,327479,1748625424388,1748625319935,1,71,10,10,1038,"27","White","United States","Female","Unemployed (and job seeking)","C1NU8C6K","Yes"
2,0,0,0,0,1,1,306649,280155,78272,665076,1748625528533,1748625248378,1,93,5,20,16,"19","White","United States","Female","DATA_EXPIRED","C1NU8C6K","DATA_EXPIRED"
3,0,0,0,0,0,1,155416,461438,104222,721076,1748625548309,1748625086871,1,70,100,20,31,"38","White","United States","Female","Unemployed (and job seeking)","C1NU8C6K","No"
5,1,1,1,1,1,1,158505,623275,82387,864167,1748625711965,1748625088690,1,60,100,10,31,"53","Other","United States","Female","Part-Time","C1NU8C6K","No"
6,1,1,1,1,1,1,124962,617263,83091,825316,1748626026257,1748625408994,1,60,5,20,85,"21","Black","United States","Male","DATA_EXPIRED","C1NU8C6K","DATA_EXPIRED"
7,1,1,1,1,1,1,302778,695802,437465,1436045,1748625925301,1748625229499,1,67,500,20,20,"32","Mixed","United States","Female","Part-Time","C1NU8C6K","No"
8,1,1,1,1,1,1,273907,1178026,58171,1510104,1748626373433,1748625195407,1,154,100,20,140,"34","White","United States","Male","Part-Time","C1NU8C6K","Yes"
9,0,0,0,0,0,1,228946,1822609,112893,2164448,1748626947308,1748625124699,1,190,5,20,50,"34","Black","United States","Female","Part-Time","C1NU8C6K","No"
10,1,0,1,0,1,1,242180,361090,167220,770490,1748627228071,1748626866981,1,74,5,20,794,"29","Black","United States","Female","Full-Time","C1NU8C6K","No"
11,0,0,0,0,1,1,68495,93644,44253,206392,1748628465577,1748628371933,1,42,5,20,975,"32","Asian","United States","Male","Part-Time","C1NU8C6K","No"
12,0,0,0,0,1,1,59118,118385,67638,245141,1748628482677,1748628364292,1,47,10,10,9354,"39","White","United States","Female","Not in paid work (e.g. homemaker', 'retired or disabled)","C1NU8C6K","No"
13,1,1,1,1,1,1,68877,120322,66910,256109,1748628489432,1748628369110,1,51,100,10,1402,"33","White","United States","Male","DATA_EXPIRED","C1NU8C6K","DATA_EXPIRED"
14,0,0,0,0,0,1,79596,133661,152146,365403,1748628547768,1748628414107,1,76,100,10,1429,"39","White","United States","Female","DATA_EXPIRED","C1NU8C6K","DATA_EXPIRED"
15,0,0,0,0,0,1,144482,198395,59884,402761,1748628675001,1748628476606,1,47,100,10,142,"24","White","United States","Female","Unemployed (and job seeking)","C1NU8C6K","Yes"
16,1,1,1,1,1,1,99351,228086,71951,399388,1748628670291,1748628442205,1,72,100,10,289,"45","White","United States","Male","Other","C1NU8C6K","No"
17,1,1,0,1,0,1,58170,314695,50028,422893,1748628696008,1748628381313,1,81,5,10,5507,"52","White","United States","Male","Full-Time","C1NU8C6K","No"
18,0,0,0,0,1,1,114484,289802,60542,464828,1748628746739,1748628456937,1,96,5,20,5369,"34","Black","United States","Male","DATA_EXPIRED","C1NU8C6K","DATA_EXPIRED"
19,0,1,0,1,0,1,125403,296447,70074,491924,1748628747554,1748628451107,1,46,5,20,91,"47","Black","United States","Male","Part-Time","C1NU8C6K","No"
21,1,1,1,1,1,1,41204,149623,45182,236009,1748628777818,1748628628195,1,65,5,20,9737,"34","Asian","India","Male","Full-Time","C1NU8C6K","No"
22,0,0,0,0,1,1,95833,214077,64699,374609,1748628763319,1748628549242,1,55,500,20,900,"60","White","United States","Male","Not in paid work (e.g. homemaker', 'retired or disabled)","C1NU8C6K","No"
23,1,1,0,1,0,1,137884,230635,137861,506380,1748628729122,1748628498487,1,70,100,20,138,"18","White","United States","Female","Full-Time","C1NU8C6K","No"
24,1,1,1,1,1,1,148351,116970,59932,325253,1748628797883,1748628680913,1,48,5,20,1302,"50","Asian","United States","Male","Full-Time","C1NU8C6K","No"
25,0,1,0,1,1,1,148883,384721,71719,605323,1748628839657,1748628454936,1,120,5,20,216,"34","Black","United States","Female","Full-Time","C1NU8C6K","Yes"
27,0,1,0,1,0,1,184848,304280,71370,560498,1748628847205,1748628542925,1,101,5,20,538,"27","White","United States","Female","Full-Time","C1NU8C6K","Yes"
29,0,0,0,0,1,1,117060,309119,91762,517941,1748628846900,1748628537781,1,65,5,10,50,"21","White","United States","Male","DATA_EXPIRED","C1NU8C6K","DATA_EXPIRED"
30,1,1,1,1,1,1,82195,372957,59868,515020,1748628887005,1748628514048,1,87,100,20,6436,"39","White","United States","Male","Full-Time","C1NU8C6K","No"
31,1,1,1,1,1,1,209017,219932,59859,488808,1748628887583,1748628667651,1,74,5,10,1224,"54","White","United States","Female","Not in paid work (e.g. homemaker', 'retired or disabled)","C1NU8C6K","No"
32,1,1,0,1,0,1,227175,309030,75815,612020,1748628884946,1748628575916,1,81,100,20,964,"47","White","United States","Female","Full-Time","C1NU8C6K","Yes"
33,0,1,0,1,1,1,223646,290729,98738,613113,1748628868336,1748628577607,1,64,100,20,312,"27","White","United States","Female","DATA_EXPIRED","C1NU8C6K","DATA_EXPIRED"
34,1,1,0,1,0,1,145350,276751,68766,490867,1748628916948,1748628640197,1,59,5,10,95,"44","White","United States","Female","Part-Time","C1NU8C6K","No"
36,0,0,0,0,1,1,169149,318603,230358,718110,1748628808608,1748628490005,1,76,5,20,55,"23","Black","United States","Female","DATA_EXPIRED","C1NU8C6K","Yes"
37,1,0,1,0,1,1,260955,408914,93877,763746,1748629025220,1748628616306,1,71,5,20,117,"22","White","United States","Female","DATA_EXPIRED","C1NU8C6K","Yes"
38,1,0,1,0,1,1,199760,482529,82579,764868,1748629051351,1748628568822,1,103,100,10,5,"21","White","United States","Female","Part-Time","C1NU8C6K","DATA_EXPIRED"
40,1,0,1,0,1,1,284358,404772,119137,808267,1748629163981,1748628759209,1,63,100,20,46,"28","Black","United States","Female","Part-Time","C1NU8C6K","No"
41,1,1,1,1,1,1,135802,794327,103323,1033452,1748629261258,1748628466931,1,148,100,10,17,"39","White","United States","Male","DATA_EXPIRED","C1NU8C6K","DATA_EXPIRED"
42,1,0,0,0,0,1,375536,572074,107678,1055288,1748629278993,1748628706919,1,96,5,20,14,"30","Black","United States","Female","DATA_EXPIRED","C1NU8C6K","DATA_EXPIRED"
43,0,1,0,1,0,1,141623,294033,83031,518687,1748629336287,1748629042254,1,48,5,20,19,"23","White","United States","Female","DATA_EXPIRED","C1NU8C6K","DATA_EXPIRED"
44,1,1,1,1,1,1,360819,671302,112929,1145050,1748629427126,1748628755824,1,100,5,20,6,"29","White","United States","Male","DATA_EXPIRED","C1NU8C6K","DATA_EXPIRED"
45,0,1,0,1,1,1,190961,280439,74920,546320,1748629463768,1748629183329,1,59,5,0,840,"26","White","United Kingdom","Female","Full-Time","C1NU8C6K","No"
46,1,1,1,1,1,1,617310,514833,72711,1204854,1748629475448,1748628960615,1,73,5,20,69,"20","Black","United States","Male","DATA_EXPIRED","C1NU8C6K","DATA_EXPIRED"
47,1,1,0,1,0,1,547685,663304,74680,1285669,1748629592948,1748628929644,1,81,5,20,40,"25","White","United States","Male","DATA_EXPIRED","C1NU8C6K","No"
48,1,1,1,1,1,1,256474,778970,104734,1140178,1748629589423,1748628810453,1,77,100,0,91,"43","White","United States","Female","DATA_EXPIRED","C1NU8C6K","No"
49,1,1,0,1,0,1,295811,815798,74725,1186334,1748629622708,1748628806910,1,68,5,20,508,"56","White","United States","Male","Part-Time","C1NU8C6K","No"
50,1,0,0,0,0,1,328469,946055,108846,1383370,1748629649629,1748628703574,1,57,5,20,124,"30","White","United States","Female","Part-Time","C1NU8C6K","No"
52,0,1,0,1,1,1,292067,1049438,91530,1433035,1748629725803,1748628676365,1,78,5,20,28,"31","Black","United States","Female","Part-Time","C1NU8C6K","No"
53,0,1,0,1,0,1,165421,818202,112325,1095948,1748629840964,1748629022762,1,85,5,20,22,"33","White","United States","Male","Part-Time","C1NU8C6K","DATA_EXPIRED"
54,0,1,0,1,0,1,290369,1290716,137930,1719015,1748629985906,1748628695190,1,108,5,20,185,"33","Black","United States","Male","Full-Time","C1NU8C6K","No"
55,1,0,0,0,0,1,149938,1584522,125248,1859708,1748630041474,1748628456952,1,155,100,10,14,"26","Black","United States","Female","DATA_EXPIRED","C1NU8C6K","DATA_EXPIRED"
56,1,1,1,1,1,1,150456,787931,78087,1016474,1748630266509,1748629478578,1,177,100,10,198,"24","White","United States","Female","Part-Time","C1NU8C6K","Yes"
57,1,1,1,1,1,1,158608,374351,81984,614943,1748630534555,1748630160204,1,76,100,10,66,"18","White","United States","Female","DATA_EXPIRED","C1NU8C6K","DATA_EXPIRED"
58,0,1,0,1,0,1,225109,389210,76183,690502,1748631293355,1748630904145,1,71,5,20,208,"52","White","United States","Prefer not to say","DATA_EXPIRED","C1NU8C6K","DATA_EXPIRED"
60,0,0,0,0,1,1,71602,93477,50038,215117,1748631593943,1748631500466,1,53,5,10,1808,"56","White","United States","Male","Other","C1NU8C6K","No"
62,1,1,0,1,0,1,63396,91712,58299,213407,1748631679555,1748631587843,1,41,5,20,850,"50","White","United States","Male","Not in paid work (e.g. homemaker', 'retired or disabled)","C1NU8C6K","No"
63,0,0,0,0,0,1,82248,154919,71897,309064,1748631730095,1748631575176,1,44,5,10,2915,"47","White","United States","Male","Full-Time","C1NU8C6K","No"
64,0,0,0,0,0,1,69950,117373,62028,249351,1748631742177,1748631624804,1,54,5,0,1082,"49","White","United States","Female","Full-Time","C1NU8C6K","No"
65,0,0,0,0,1,1,79628,147865,58625,286118,1748631752761,1748631604896,1,53,10,0,2979,"39","White","United States","Male","DATA_EXPIRED","C1NU8C6K","DATA_EXPIRED"
66,0,0,0,0,0,1,114409,139478,55788,309675,1748631760039,1748631620561,1,72,5,30,87,"22","White","United States","Prefer not to say","Unemployed (and job seeking)","C1NU8C6K","No"
67,0,0,0,0,1,1,36587,76558,51591,164736,1748631786541,1748631709983,1,54,5,20,901,"27","White","United States","Female","Full-Time","C1NU8C6K","No"
68,0,0,0,0,0,1,88734,176664,56665,322063,1748631801154,1748631624490,1,58,5,10,8916,"60","White","United States","Male","Part-Time","C1NU8C6K","No"
69,1,0,0,0,0,1,87710,155724,58063,301497,1748631801742,1748631646018,1,60,100,0,153,"24","Black","United States","Female","Other","C1NU8C6K","Yes"
70,0,0,0,0,1,1,40977,225810,48698,315485,1748631840276,1748631614466,1,71,100,20,4876,"20","Asian","United States","Male","Part-Time","C1NU8C6K","Yes"
71,0,0,0,0,1,1,119336,163223,56422,338981,1748631840294,1748631677071,1,52,5,10,673,"26","Other","United States","Male","Unemployed (and job seeking)","C1NU8C6K","No"
72,0,0,0,0,1,1,62500,168661,70997,302158,1748631843681,1748631675020,1,62,5,10,3377,"44","White","United States","Female","Full-Time","C1NU8C6K","No"
73,0,1,0,1,1,1,62258,254510,58416,375184,1748631877011,1748631622501,1,45,5,20,1218,"36","White","United States","Female","Full-Time","C1NU8C6K","No"
74,1,1,0,1,0,1,71399,125781,47952,245132,1748631897314,1748631771533,1,47,5,0,653,"46","White","United States","Female","Part-Time","C1NU8C6K","No"
75,0,0,0,0,0,1,90466,135172,59786,285424,1748631888798,1748631753626,1,55,100,10,1059,"23","White","United States","Male","DATA_EXPIRED","C1NU8C6K","DATA_EXPIRED"
76,1,1,0,1,0,1,132440,151315,46510,330265,1748631901782,1748631750467,1,106,5,20,5662,"32","White","United States","Male","DATA_EXPIRED","C1NU8C6K","DATA_EXPIRED"
78,1,1,0,1,0,1,188491,152899,94321,435711,1748631870332,1748631717433,1,60,5,20,93,"27","White","United States","Male","Full-Time","C1NU8C6K","No"
79,0,0,0,0,1,1,88593,137917,48461,274971,1748631927490,1748631789573,1,60,100,10,825,"29","White","United States","Male","Part-Time","C1NU8C6K","No"
80,0,0,0,0,0,1,117090,245071,69715,431876,1748631930612,1748631685541,1,70,5,20,279,"78","White","United States","Male","Full-Time","C1NU8C6K","Yes"
81,1,1,1,1,1,1,85300,294177,66083,445560,1748631936861,1748631642684,1,82,100,90,436,"30","White","United States","Female","Not in paid work (e.g. homemaker', 'retired or disabled)","C1NU8C6K","No"
82,0,1,0,1,0,1,139709,208695,99945,448349,1748631905674,1748631696979,1,58,5,20,55,"28","Black","United States","Male","Part-Time","C1NU8C6K","No"
83,1,0,0,0,0,1,167430,217817,75419,460666,1748631939047,1748631721230,1,68,5,20,116,"34","Black","United States","Male","Full-Time","C1NU8C6K","No"
84,0,0,0,0,0,1,153799,231723,61389,446911,1748631951641,1748631719918,1,61,5,10,671,"55","White","United States","Female","Full-Time","C1NU8C6K","No"
85,0,0,0,0,0,1,149936,261706,174506,586148,1748631868675,1748631606969,1,66,100,10,4494,"37","White","United States","Male","Full-Time","C1NU8C6K","No"
86,1,1,1,1,1,1,69661,227813,54048,351522,1748631973560,1748631745747,1,58,5,20,6014,"59","White","United States","Male","Full-Time","C1NU8C6K","No"
87,1,0,1,0,1,1,148762,268952,61379,479093,1748631968760,1748631699808,1,92,5,20,103,"25","White","United States","Female","Part-Time","C1NU8C6K","No"
88,0,1,0,1,0,1,156732,175833,87544,420109,1748631954897,1748631779064,1,45,5,20,281,"20","White","United States","Male","Part-Time","C1NU8C6K","Yes"
89,1,1,1,1,1,1,67091,174273,58135,299499,1748631995059,1748631820786,1,64,5,30,746,"33","White","United States","Female","DATA_EXPIRED","C1NU8C6K","DATA_EXPIRED"
90,1,1,1,1,1,1,146841,305998,62667,515506,1748631994078,1748631688080,1,63,5,20,1955,"45","White","United States","Female","Full-Time","C1NU8C6K","No"
91,0,0,0,0,1,1,131896,308686,69135,509717,1748631997734,1748631689048,1,73,5,0,4509,"73","White","United States","Female","DATA_EXPIRED","C1NU8C6K","No"
93,1,1,1,1,1,1,108094,143018,110529,361641,1748631969227,1748631826209,1,51,5,20,598,"21","White","United States","Female","Unemployed (and job seeking)","C1NU8C6K","No"
94,1,1,1,1,1,1,274512,174579,71672,520763,1748632033853,1748631859274,1,51,5,10,164,"21","White","United States","Female","Other","C1NU8C6K","Yes"
95,0,0,0,0,0,1,167401,386445,70720,624566,1748632033184,1748631646739,1,92,5,20,394,"29","Asian","Cambodia","Female","DATA_EXPIRED","C1NU8C6K","DATA_EXPIRED"
96,1,1,0,1,0,1,133816,246516,56891,437223,1748632046967,1748631800451,1,79,5,20,1743,"50","White","United States","Female","Full-Time","C1NU8C6K","No"
97,0,1,0,1,1,1,89775,133320,67925,291020,1748632055862,1748631922542,1,53,100,30,1149,"39","White","United States","Male","Full-Time","C1NU8C6K","No"
98,0,1,0,1,1,1,273669,255124,61496,590289,1748632061757,1748631806633,1,77,5,20,1289,"44","White","United States","Female","DATA_EXPIRED","C1NU8C6K","DATA_EXPIRED"
99,0,0,0,0,0,1,165671,237699,63100,466470,1748632063709,1748631826010,1,71,100,20,690,"43","White","United States","Male","Full-Time","C1NU8C6K","No"
100,1,1,1,1,1,1,273827,215699,107781,597307,1748632039244,1748631823545,1,72,5,20,39,"29","Black","United States","Female","Full-Time","C1NU8C6K","No"
101,1,1,0,1,0,1,151178,355460,103010,609648,1748632070793,1748631715333,1,80,5,20,103,"62","White","United States","Male","Full-Time","C1NU8C6K","No"
102,0,0,0,0,0,1,108439,317910,88688,515037,1748632094060,1748631776150,1,79,5,20,3430,"42","White","United States","Male","Full-Time","C1NU8C6K","No"
104,0,0,0,0,1,1,103744,482507,97472,683723,1748632125713,1748631643206,1,53,5,10,74,"26","White","United States","Female","Full-Time","C1NU8C6K","No"
105,1,0,1,0,1,1,240255,151677,211465,603397,1748632062644,1748631910967,1,74,5,20,399,"35","White","United States","Female","Full-Time","C1NU8C6K","Yes"
106,1,1,1,1,1,1,180301,325690,75736,581727,1748632178916,1748631853226,1,112,5,20,105,"22","Black","United States","Female","DATA_EXPIRED","C1NU8C6K","DATA_EXPIRED"
107,1,1,0,1,0,1,141022,260694,62512,464228,1748632191184,1748631930490,1,46,5,20,1810,"53","Black","United States","Male","Full-Time","C1NU8C6K","No"
108,1,1,1,1,1,1,128217,276057,95778,500052,1748632193684,1748631917627,1,46,100,10,4571,"59","White","United States","Female","DATA_EXPIRED","C1NU8C6K","DATA_EXPIRED"
109,0,1,0,1,0,1,196078,447184,105396,748658,1748632177901,1748631730717,1,68,5,20,3154,"50","Asian","Indonesia","Female","Other","C1NU8C6K","No"
110,1,1,1,1,1,1,183655,361100,68355,613110,1748632231386,1748631870286,1,83,5,20,376,"30","Other","United States","Female","Full-Time","C1NU8C6K","No"
111,0,1,0,1,0,1,128995,497545,64131,690671,1748632250432,1748631752887,1,73,5,20,73,"35","White","United States","Female","Part-Time","C1NU8C6K","No"
112,0,0,0,0,0,1,146616,401529,94148,642293,1748632233704,1748631832175,1,62,5,20,3401,"45","White","United States","Male","DATA_EXPIRED","C1NU8C6K","DATA_EXPIRED"
114,1,1,0,1,0,1,143302,449613,51638,644553,1748632300887,1748631851274,1,68,5,20,2051,"47","White","Ukraine","Male","Full-Time","C1NU8C6K","No"
115,0,1,0,1,0,1,329635,481212,81900,892747,1748632301778,1748631820566,1,79,100,10,63,"18","Black","United States","Female","DATA_EXPIRED","C1NU8C6K","DATA_EXPIRED"
116,0,0,0,0,1,1,403600,233259,98809,735668,1748632287298,1748632054039,1,69,5,20,6375,"61","White","United States","Male","Not in paid work (e.g. homemaker', 'retired or disabled)","C1NU8C6K","No"
117,1,1,1,1,1,1,148485,465709,106891,721085,1748632287019,1748631821310,1,71,100,10,29,"45","Black","United States","Female","DATA_EXPIRED","C1NU8C6K","DATA_EXPIRED"
118,0,0,0,0,0,1,336731,395209,73013,804953,1748632327761,1748631932552,1,145,5,90,4900,"37","White","United States","Male","Full-Time","C1NU8C6K","No"
119,1,1,1,1,1,1,288543,427690,156270,872503,1748632261923,1748631834233,1,65,20,10,121,"26","Black","United States","Female","DATA_EXPIRED","C1NU8C6K","No"
120,1,1,0,1,0,1,174938,750440,81366,1006744,1748632368489,1748631618049,1,47,100,0,158,"23","White","United States","Female","Full-Time","C1NU8C6K","No"
121,1,1,0,1,0,1,276318,209240,60262,545820,1748632399685,1748632190445,1,93,5,20,4109,"49","White","United States","Female","Unemployed (and job seeking)","C1NU8C6K","No"
122,0,0,0,0,0,1,140505,218944,109921,469370,1748632358069,1748632139125,1,55,5,20,6501,"55","White","United States","Male","Unemployed (and job seeking)","C1NU8C6K","No"
123,1,0,0,0,0,1,212753,608093,85698,906544,1748632401984,1748631793891,1,108,100,20,111,"38","White","United States","Female","DATA_EXPIRED","C1NU8C6K","No"
124,1,1,1,1,1,1,268306,417774,80352,766432,1748632412841,1748631995067,1,54,5,20,286,"42","White","United States","Female","Part-Time","C1NU8C6K","No"
125,1,1,1,1,1,1,133822,586923,66636,787381,1748632444430,1748631857507,1,81,1,10,2,"23","White","United States","Female","DATA_EXPIRED","C1NU8C6K","No"
126,1,1,0,1,0,1,391600,571940,159078,1122618,1748632370247,1748631798307,1,83,5,20,182,"41","White","United States","Female","Full-Time","C1NU8C6K","No"
128,1,0,0,0,0,1,219907,684244,77176,981327,1748632456843,1748631772599,1,92,5,20,102,"25","White","United States","Female","Part-Time","C1NU8C6K","Yes"
129,0,1,0,1,1,1,361696,396996,112466,871158,1748632456298,1748632059302,1,55,5,20,597,"24","White","United States","Male","Part-Time","C1NU8C6K","No"
132,0,0,0,0,0,1,183527,567219,204282,955028,1748632518076,1748631950857,1,49,100,20,36,"28","White","United States","Male","Part-Time","C1NU8C6K","No"
134,1,0,0,0,0,1,333129,650635,100193,1083957,1748632645244,1748631994609,1,100,5,20,32,"28","White","United States","Male","DATA_EXPIRED","C1NU8C6K","DATA_EXPIRED"
135,0,0,0,0,1,1,95711,508682,90487,694880,1748632721639,1748632212957,1,80,5,20,84,"39","White","United States","Female","Full-Time","C1NU8C6K","DATA_EXPIRED"
136,0,1,0,1,0,1,221229,745172,199421,1165822,1748632644028,1748631898856,1,95,5,20,102,"43","White","United States","Female","DATA_EXPIRED","C1NU8C6K","DATA_EXPIRED"
137,1,1,1,1,1,1,204966,1014233,80838,1300037,1748632787984,1748631773751,1,75,5,20,814,"55","White","United States","Female","Full-Time","C1NU8C6K","No"
138,1,0,0,0,0,1,327393,800629,77802,1205824,1748632819015,1748632018386,1,82,100,20,1239,"34","Black","United States","Male","Full-Time","C1NU8C6K","DATA_EXPIRED"
139,1,0,0,0,0,1,286811,914670,99621,1301102,1748632835700,1748631921030,1,51,100,10,567,"43","Black","United States","Male","Full-Time","C1NU8C6K","No"
140,1,0,0,0,0,1,523429,631894,78421,1233744,1748632889213,1748632257319,1,78,10,0,1112,"52","White","United States","Female","Unemployed (and job seeking)","C1NU8C6K","No"
141,1,1,0,1,0,1,216468,301682,77557,595707,1748632926094,1748632624412,1,55,5,20,26,"39","Asian","United States","Female","Full-Time","C1NU8C6K","Yes"
143,1,1,1,1,1,1,99024,136698,64468,300190,1748633000220,1748632863522,1,56,5,10,1345,"34","Mixed","United States","Female","Not in paid work (e.g. homemaker', 'retired or disabled)","C1NU8C6K","No"
144,1,0,1,0,1,1,339307,1127381,95094,1561782,1748633023155,1748631895774,1,100,100,10,13,"19","White","United States","Female","DATA_EXPIRED","C1NU8C6K","DATA_EXPIRED"
145,1,1,0,1,0,1,266807,1162321,97136,1526264,1748633201122,1748632038801,1,106,100,0,14,"31","White","United States","Male","Part-Time","C1NU8C6K","DATA_EXPIRED"
146,1,1,1,1,1,1,811797,829536,92290,1733623,1748633215997,1748632386461,1,71,5,20,27,"36","White","United States","Male","Part-Time","C1NU8C6K","No"
147,0,1,0,1,1,1,105980,647238,76844,830062,1748633267113,1748632619875,1,123,100,10,1157,"43","White","United States","Male","Full-Time","C1NU8C6K","No"
149,0,0,0,0,0,1,102419,1096999,295851,1495269,1748633223027,1748632126028,1,67,5,20,5530,"50","White","United States","Female","DATA_EXPIRED","C1NU8C6K","DATA_EXPIRED"
150,1,0,1,0,1,1,520918,1194120,103487,1818525,1748633457490,1748632263370,1,130,100,20,17,"33","White","United States","Male","Part-Time","C1NU8C6K","No"
151,0,1,0,1,1,1,352652,1088931,94875,1536458,1748633523179,1748632434248,1,82,100,20,159,"30","Mixed","United States","Male","Full-Time","C1NU8C6K","Yes"
152,0,1,0,1,1,1,223994,454732,108259,786985,1748633578105,1748633123373,1,69,20,20,61,"48","White","United States","Male","Full-Time","C1NU8C6K","No"
153,1,0,1,0,1,1,334842,1592371,66846,1994059,1748633651297,1748632058926,1,291,5,20,147,"19","White","United States","Female","Part-Time","C1NU8C6K","Yes"
154,0,1,0,1,1,1,431027,1179064,80120,1690211,1748633762901,1748632583837,1,123,5,20,978,"51","Black","United States","Female","Full-Time","C1NU8C6K","No"
155,0,0,0,0,1,1,267071,211197,87872,566140,1748634011711,1748633800514,1,66,100,10,1288,"50","White","United States","Female","Full-Time","C1NU8C6K","No"
156,1,1,0,1,0,1,63528,72000,46659,182187,1748634122201,1748634050201,1,55,5,20,5259,"35","Mixed","United States","Male","Full-Time","C1NU8C6K","No"
157,1,0,1,0,1,1,204025,423192,93446,720663,1748634131253,1748633708061,1,45,5,10,262,"28","Black","United States","Male","Full-Time","C1NU8C6K","No"
158,0,0,0,0,0,1,84601,155900,56939,297440,1748634233998,1748634078098,1,60,5,10,436,"29","White","United States","Male","Full-Time","C1NU8C6K","No"
159,1,1,0,1,0,1,115482,159289,67561,342332,1748634331020,1748634171731,1,65,5,10,924,"58","White","United States","Female","Not in paid work (e.g. homemaker', 'retired or disabled)","C1NU8C6K","No"
160,1,1,0,1,0,1,110954,201820,60368,373142,1748634336957,1748634135137,1,80,100,0,1411,"34","White","United States","Male","Full-Time","C1NU8C6K","No"
161,1,0,1,0,1,1,91973,255569,62956,410498,1748634361942,1748634106373,1,97,5,10,713,"41","White","United States","Female","DATA_EXPIRED","C1NU8C6K","No"
162,1,1,0,1,0,1,82508,85381,81715,249604,1748634339071,1748634253690,1,77,5,20,2433,"38","White","United States","Male","DATA_EXPIRED","C1NU8C6K","DATA_EXPIRED"
163,1,1,1,1,1,1,88398,116318,53814,258530,1748634381922,1748634265604,1,51,100,0,2791,"55","White","United States","Male","Not in paid work (e.g. homemaker', 'retired or disabled)","C1NU8C6K","No"
164,1,1,1,1,1,1,108474,259294,76277,444045,1748634395205,1748634135911,1,48,20,10,1981,"66","White","United States","Female","Part-Time","C1NU8C6K","No"
165,0,0,0,0,1,1,127841,170966,65665,364472,1748634418536,1748634247570,1,56,5,20,588,"53","White","United States","Female","Full-Time","C1NU8C6K","No"
166,0,0,0,0,0,1,97243,362563,80828,540634,1748634419665,1748634057102,1,52,5,20,69,"22","White","United States","Female","Full-Time","C1NU8C6K","DATA_EXPIRED"
167,1,1,1,1,1,1,75995,106134,61778,243907,1748634438092,1748634331958,1,62,100,20,555,"32","White","United States","Female","Part-Time","C1NU8C6K","No"
168,0,0,0,0,1,1,64869,302879,44656,412404,1748634474689,1748634171810,1,50,5,20,1843,"28","White","United States","Female","DATA_EXPIRED","C1NU8C6K","Yes"
169,1,1,1,1,1,1,102351,284160,78848,465359,1748634447889,1748634163729,1,82,100,10,9940,"61","White","United States","Female","Not in paid work (e.g. homemaker', 'retired or disabled)","C1NU8C6K","No"
170,0,0,0,0,1,1,120437,315552,56551,492540,1748634468568,1748634153016,1,50,5,20,476,"55","White","United States","Male","Full-Time","C1NU8C6K","No"
171,1,1,1,1,1,1,159258,196340,64912,420510,1748634465734,1748634269394,1,45,5,20,3632,"38","White","United States","Female","DATA_EXPIRED","C1NU8C6K","No"
172,1,1,1,1,1,1,163258,280984,62569,506811,1748634470748,1748634189764,1,64,500,0,763,"40","Asian","United States","Male","DATA_EXPIRED","C1NU8C6K","DATA_EXPIRED"
173,0,0,0,0,1,1,77695,228884,64798,371377,1748634482509,1748634253625,1,59,5,20,6628,"72","White","United States","Female","Not in paid work (e.g. homemaker', 'retired or disabled)","C1NU8C6K","No"
174,0,0,0,0,1,1,136860,97844,52415,287119,1748634507578,1748634409734,1,63,5,20,2554,"31","Mixed","United States","Male","Full-Time","C1NU8C6K","DATA_EXPIRED"
175,1,0,1,0,1,1,121854,293461,84798,500113,1748634493511,1748634200050,1,54,100,20,16,"36","White","United States","Male","Full-Time","C1NU8C6K","No"
176,0,0,0,0,1,1,90757,260435,71909,423101,1748634515277,1748634254842,1,51,5,10,1307,"54","White","United States","Male","Other","C1NU8C6K","No"
177,1,1,1,1,1,1,170583,237652,88141,496376,1748634509284,1748634271632,1,56,5,20,37,"26","Black","United States","Female","Full-Time","C1NU8C6K","Yes"
178,1,1,0,1,0,1,133624,245452,78150,457226,1748634521137,1748634275685,1,70,5,20,139,"30","Black","United States","Female","Part-Time","C1NU8C6K","No"
179,1,1,1,1,1,1,145759,203359,85335,434453,1748634559396,1748634356037,1,50,100,30,157,"22","White","United States","Female","Full-Time","C1NU8C6K","Yes"
180,1,1,0,1,0,1,201257,218089,87844,507190,1748634549610,1748634331521,1,70,5,0,23,"19","Mixed","United States","Female","Part-Time","C1NU8C6K","DATA_EXPIRED"
181,1,1,0,1,0,1,128663,392059,117060,637782,1748634533462,1748634141403,1,87,5,20,145,"22","White","United States","Female","DATA_EXPIRED","C1NU8C6K","No"
182,1,1,1,1,1,1,180560,184724,99961,465245,1748634557861,1748634373137,1,89,5,20,138,"33","Black","United States","Male","Part-Time","C1NU8C6K","No"
183,1,1,1,1,1,1,285010,194677,88104,567791,1748634584143,1748634389466,1,69,5,20,367,"30","Black","United States","Male","Part-Time","C1NU8C6K","No"
184,1,0,1,0,1,1,219905,365877,74711,660493,1748634613690,1748634247813,1,73,5,20,62,"24","Black","United States","Male","DATA_EXPIRED","C1NU8C6K","DATA_EXPIRED"
185,1,1,0,1,0,1,204727,386406,82638,673771,1748634605132,1748634218726,1,47,5,20,31,"36","Black","United States","Male","Full-Time","C1NU8C6K","No"
186,0,1,0,1,0,1,134145,342049,102163,578357,1748634625133,1748634283084,1,52,5,20,39,"39","White","United States","Female","Full-Time","C1NU8C6K","No"
187,1,1,0,1,0,1,129902,138070,124429,392401,1748634591903,1748634453833,1,67,5,20,95,"40","Black","United States","Male","Full-Time","C1NU8C6K","No"
188,0,1,0,1,0,1,191644,309250,65800,566694,1748634648152,1748634338902,1,67,100,20,28,"18","White","United States","Female","Unemployed (and job seeking)","C1NU8C6K","No"
189,1,0,0,0,0,1,289081,241024,92532,622637,1748634639625,1748634398601,1,54,20,10,1733,"48","Black","United States","Female","Not in paid work (e.g. homemaker', 'retired or disabled)","C1NU8C6K","No"
190,1,0,0,0,0,1,124795,585847,79300,789942,1748634731000,1748634145153,1,81,100,10,297,"27","Black","United States","Female","Full-Time","C1NU8C6K","DATA_EXPIRED"
191,1,0,0,0,0,1,154648,251581,96281,502510,1748634748436,1748634496855,1,121,5,20,8,"28","Black","United States","Female","Part-Time","C1NU8C6K","No"
192,1,1,0,1,0,1,144190,495195,81075,720460,1748634776100,1748634280905,1,76,5,20,1068,"23","Other","United States","Female","Full-Time","C1NU8C6K","No"
194,0,1,0,1,1,1,208800,382587,85292,676679,1748634779389,1748634396802,1,93,100,20,23,"33","White","United States","Female","Full-Time","C1NU8C6K","No"
196,1,0,0,0,0,1,869736,876409,250195,1996340,1748634699184,1748633822775,1,111,5,20,26,"27","Other","United States","Female","Full-Time","C1NU8C6K","No"
197,0,1,0,1,1,1,301074,445430,90215,836719,1748634821003,1748634375573,1,91,100,10,1881,"44","White","United States","Female","Full-Time","C1NU8C6K","No"
198,1,0,1,0,1,1,294021,223623,86857,604501,1748634824917,1748634601294,1,78,500,20,567,"46","Black","United States","Female","Other","C1NU8C6K","DATA_EXPIRED"
199,0,1,0,1,0,1,169101,319715,77280,566096,1748634850297,1748634530582,1,62,5,20,707,"42","White","United States","Male","Full-Time","C1NU8C6K","Yes"
200,1,1,0,1,0,1,205846,607157,67016,880019,1748634893105,1748634285948,1,103,5,20,36,"29","White","United States","Female","DATA_EXPIRED","C1NU8C6K","Yes"
201,0,1,0,1,0,1,124005,553230,79990,757225,1748634889047,1748634335817,1,81,100,10,151,"22","Black","United States","Female","Part-Time","C1NU8C6K","DATA_EXPIRED"
202,1,1,1,1,1,1,150848,713202,80776,944826,1748634900194,1748634186992,1,57,100,20,25,"39","Black","United States","Female","Part-Time","C1NU8C6K","No"
203,0,1,0,1,1,1,156635,492251,68123,717009,1748634902000,1748634409749,1,90,5,20,355,"31","Black","United States","Female","Part-Time","C1NU8C6K","No"
204,1,1,1,1,1,1,196178,435080,74890,706148,1748634893100,1748634458020,1,78,100,20,18,"60","Black","United States","Female","Unemployed (and job seeking)","C1NU8C6K","No"
205,1,1,1,1,1,1,194605,619425,76722,890752,1748634916234,1748634296809,1,48,5,20,111,"35","White","United States","Female","Full-Time","C1NU8C6K","No"
206,1,1,1,1,1,1,173559,538140,245957,957656,1748634762177,1748634224037,1,76,5,20,91,"20","White","United States","Female","Full-Time","C1NU8C6K","No"
208,0,0,0,0,1,1,209668,329179,81883,620730,1748634958398,1748634629219,1,54,100,10,1498,"65","White","United States","Female","DATA_EXPIRED","C1NU8C6K","DATA_EXPIRED"
209,1,0,0,0,0,1,165102,395112,84659,644873,1748634968813,1748634573701,1,103,5,20,15,"19","Black","United States","Female","Part-Time","C1NU8C6K","Yes"
210,1,0,1,0,1,1,304872,721208,65768,1091848,1748635060353,1748634339145,1,76,100,20,365,"21","Black","United States","Female","DATA_EXPIRED","C1NU8C6K","DATA_EXPIRED"
211,1,1,0,1,0,1,344388,609984,89932,1044304,1748635066941,1748634456957,1,74,5,20,31,"29","White","United States","Female","Part-Time","C1NU8C6K","Yes"
212,1,1,0,1,0,1,181900,708382,113718,1004000,1748635046416,1748634338034,1,76,100,10,27,"41","White","United States","Female","Part-Time","C1NU8C6K","Yes"
213,1,0,0,0,0,1,253856,481116,61536,796508,1748635096373,1748634615257,1,54,5,20,467,"24","Black","United States","Female","Full-Time","C1NU8C6K","DATA_EXPIRED"
214,0,0,0,0,1,1,597803,521873,82938,1202614,1748635190486,1748634668613,1,63,5,10,55,"26","White","United States","Female","Part-Time","C1NU8C6K","DATA_EXPIRED"
215,1,0,0,0,0,1,229306,555545,223476,1008327,1748635074939,1748634519394,1,52,100,20,7,"28","White","United States","Male","Unemployed (and job seeking)","C1NU8C6K","No"
216,0,1,0,1,1,1,264339,598209,160760,1023308,1748635126405,1748634528196,1,76,500,20,166,"38","White","United States","Male","Part-Time","C1NU8C6K","Yes"
217,1,1,0,1,0,1,241388,575019,105688,922095,1748635190582,1748634615563,1,100,5,20,7,"36","White","United States","Male","Full-Time","C1NU8C6K","No"
219,0,1,0,1,1,1,370828,727637,148948,1247413,1748635254208,1748634526571,1,110,100,20,9,"28","DATA_EXPIRED","United States","Prefer not to say","Full-Time","C1NU8C6K","No"
220,1,1,0,1,0,1,244339,1145392,99907,1489638,1748635363118,1748634217726,1,61,5,20,6,"26","Black","United States","Male","Unemployed (and job seeking)","C1NU8C6K","No"
221,1,1,1,1,1,1,241857,1018686,93931,1354474,1748635400291,1748634381605,1,83,5,20,27,"28","White","United States","Female","Part-Time","C1NU8C6K","DATA_EXPIRED"
222,1,1,1,1,1,1,368873,975379,76916,1421168,1748635420850,1748634445471,1,91,5,20,79,"29","White","United States","Female","Part-Time","C1NU8C6K","No"
223,1,0,0,0,0,1,234366,1064244,109056,1407666,1748635412942,1748634348698,1,198,5,20,58,"51","White","United States","Male","Full-Time","C1NU8C6K","No"
224,0,1,0,1,0,1,205824,1143237,79122,1428183,1748635453645,1748634310408,1,72,5,20,4,"34","Black","United States","Female","Part-Time","C1NU8C6K","No"
225,1,1,0,1,0,1,194320,302413,64952,561685,1748635487605,1748635185192,1,54,5,20,805,"21","Black","United States","Female","Part-Time","C1NU8C6K","Yes"
226,1,1,0,1,0,1,99884,615415,860748,1576047,1748634721953,1748634106538,1,95,5,10,1133,"53","White","United States","Female","Full-Time","C1NU8C6K","No"
227,1,0,1,0,1,1,519430,518325,99989,1137744,1748635493584,1748634975259,1,52,5,20,522,"46","White","United States","Female","Unemployed (and job seeking)","C1NU8C6K","No"
228,0,1,0,1,0,1,531894,637957,71524,1241375,1748635513843,1748634875886,1,85,5,20,142,"35","White","United States","Female","DATA_EXPIRED","C1NU8C6K","DATA_EXPIRED"
229,1,0,1,0,1,1,286167,314415,89644,690226,1748635514920,1748635200505,1,53,5,20,585,"21","Black","United States","Male","DATA_EXPIRED","C1NU8C6K","DATA_EXPIRED"
230,1,1,0,1,0,1,218422,837565,74482,1130469,1748635601509,1748634763944,1,150,5,20,65,"34","Black","United States","Female","Full-Time","C1NU8C6K","DATA_EXPIRED"
232,1,1,1,1,1,1,262623,1160079,137858,1560560,1748635583422,1748634423343,1,119,100,20,68,"35","Black","United States","Male","Full-Time","C1NU8C6K","Yes"
234,1,1,0,1,0,1,826183,671178,63912,1561273,1748635688597,1748635017419,1,58,100,10,741,"51","White","United States","Male","DATA_EXPIRED","C1NU8C6K","DATA_EXPIRED"
236,1,1,0,1,0,1,472243,528808,81941,1082992,1748635694909,1748635166101,1,62,100,10,897,"20","White","United States","Female","Full-Time","C1NU8C6K","No"
237,1,0,0,0,0,1,322210,1160383,69044,1551637,1748635708030,1748634547647,1,84,5,20,561,"33","White","United States","Male","Full-Time","C1NU8C6K","Yes"
238,0,1,0,1,0,1,135058,491992,78826,705876,1748635701133,1748635209141,1,90,5,20,105,"46","White","United States","Female","Full-Time","C1NU8C6K","No"
240,0,0,0,0,0,1,142215,235676,69444,447335,1748635731179,1748635495503,1,49,5,10,92,"28","White","United States","Prefer not to say","Full-Time","C1NU8C6K","No"
241,1,1,1,1,1,1,242371,1364825,111132,1718328,1748635826478,1748634461653,1,456,5,0,7639,"77","White","United States","Female","Part-Time","C1NU8C6K","No"
242,1,1,0,1,0,1,190833,1279090,65123,1535046,1748635923282,1748634644192,1,162,5,20,98,"22","White","United States","Male","DATA_EXPIRED","C1NU8C6K","No"
243,1,1,0,1,0,1,189187,526700,169390,885277,1748635877341,1748635350641,1,104,100,20,183,"52","White","United States","Female","Part-Time","C1NU8C6K","No"
244,0,1,0,1,1,1,127797,294376,71602,493775,1748636016912,1748635722536,1,72,100,10,750,"61","Black","United States","Female","Unemployed (and job seeking)","C1NU8C6K","No"
245,0,0,0,0,0,1,163883,124297,160535,448715,1748635978550,1748635854253,1,71,5,20,39,"27","Black","United States","Female","Full-Time","C1NU8C6K","No"
246,1,0,1,0,1,1,327906,1716584,102817,2147307,1748636035993,1748634319409,1,156,5,20,86,"35","White","United States","Male","Full-Time","C1NU8C6K","Yes"
247,0,0,0,0,0,1,116037,246762,91325,454124,1748636084100,1748635837338,1,77,5,20,5010,"51","Other","United States","Male","Full-Time","C1NU8C6K","No"
248,0,0,0,0,1,1,115463,204444,234284,554191,1748635986165,1748635781721,1,130,100,20,1480,"39","Black","DATA_EXPIRED","Male","DATA_EXPIRED","C1NU8C6K","DATA_EXPIRED"
249,1,0,0,0,0,1,642067,656433,87879,1386379,1748636411829,1748635755396,1,101,5,20,237,"33","White","United States","Female","DATA_EXPIRED","C1NU8C6K","DATA_EXPIRED"
250,1,1,0,1,0,1,810119,789741,229398,1829258,1748636297541,1748635507800,1,120,5,20,6,"28","White","United States","Male","DATA_EXPIRED","C1NU8C6K","No"
251,1,1,0,1,0,1,393899,844205,205947,1444051,1748636306784,1748635462579,1,105,5,20,10,"44","Black","United States","Male","DATA_EXPIRED","C1NU8C6K","DATA_EXPIRED"
252,1,0,1,0,1,1,333340,1013730,112970,1460040,1748636593020,1748635579290,1,99,5,20,142,"48","Black","United States","Female","Full-Time","C1NU8C6K","No"
253,1,0,1,0,1,1,196180,978232,164695,1339107,1748636564970,1748635586738,1,70,100,20,41,"41","White","United States","Female","DATA_EXPIRED","C1NU8C6K","DATA_EXPIRED"
254,0,1,0,1,1,1,314564,135022,125412,574998,1748636619095,1748636484073,1,58,5,20,40,"25","White","United States","Male","Full-Time","C1NU8C6K","DATA_EXPIRED"
255,1,0,0,0,0,1,293850,2252584,66625,2613059,1748636842167,1748634589583,1,115,5,10,29,"28","Black","United States","Male","Part-Time","C1NU8C6K","No"
256,1,0,0,0,0,1,231307,1172208,102389,1505904,1748636916141,1748635743933,1,127,5,20,138,"27","Black","United States","Female","Full-Time","C1NU8C6K","No"
258,1,1,1,1,1,1,86620,139048,60143,285811,1748638111198,1748637972150,1,73,5,10,501,"37","White","United States","Female","Part-Time","C1NU8C6K","No"
259,0,1,0,1,1,1,121302,170066,58741,350109,1748638351297,1748638181231,1,59,5,20,1751,"24","Mixed","United States","Female","Not in paid work (e.g. homemaker', 'retired or disabled)","C1NU8C6K","Yes"
260,0,0,0,0,1,1,89141,102060,51700,242901,1748638412070,1748638310010,1,60,100,20,2158,"50","White","United States","Female","Full-Time","C1NU8C6K","No"
262,0,0,0,0,0,1,106587,192802,58755,358144,1748638599411,1748638406609,1,78,100,0,1132,"39","White","United States","Male","DATA_EXPIRED","C1NU8C6K","DATA_EXPIRED"
263,0,1,0,1,0,1,90518,217035,78122,385675,1748638614860,1748638397825,1,55,5,10,52,"35","Black","United States","Female","DATA_EXPIRED","C1NU8C6K","Yes"
264,0,0,0,0,0,1,65042,122075,54844,241961,1748638671236,1748638549161,1,51,5,20,3124,"52","White","United States","Male","DATA_EXPIRED","C1NU8C6K","DATA_EXPIRED"
265,0,0,0,0,0,1,120864,192007,60100,372971,1748638674387,1748638482380,1,51,5,20,563,"20","White","United States","Male","Unemployed (and job seeking)","C1NU8C6K","Yes"
266,0,0,0,0,1,1,58185,113005,48804,219994,1748638688367,1748638575362,1,52,5,0,1879,"26","Mixed","United States","Male","DATA_EXPIRED","C1NU8C6K","DATA_EXPIRED"
267,1,1,0,1,0,1,48396,158939,55079,262414,1748638684134,1748638525195,1,72,5,20,1314,"23","Other","United States","Female","Unemployed (and job seeking)","C1NU8C6K","No"
268,1,0,0,0,0,1,189482,324972,77988,592442,1748638683409,1748638358437,1,67,5,20,146,"22","White","United States","Female","Part-Time","C1NU8C6K","DATA_EXPIRED"
269,1,1,0,1,0,1,85441,128915,52259,266615,1748638706925,1748638578010,1,51,5,20,1398,"25","White","United States","Female","DATA_EXPIRED","C1NU8C6K","No"
270,1,0,0,0,0,1,125533,275735,60719,461987,1748638735249,1748638459514,1,70,100,20,72,"36","White","United States","Female","Part-Time","C1NU8C6K","No"
271,0,0,0,0,0,1,160683,294089,99338,554110,1748638712353,1748638418264,1,74,5,20,1568,"34","White","United States","Male","Full-Time","C1NU8C6K","No"
272,0,0,0,0,0,1,156382,321743,80429,558554,1748638739600,1748638417857,1,42,5,10,178,"28","Black","United States","Female","Full-Time","C1NU8C6K","DATA_EXPIRED"
273,1,1,1,1,1,1,58052,111860,52526,222438,1748638762808,1748638650948,1,54,5,10,888,"36","White","United States","Female","Unemployed (and job seeking)","C1NU8C6K","DATA_EXPIRED"
275,1,1,1,1,1,1,124497,239051,86466,450014,1748638744641,1748638505590,1,82,5,20,54,"22","White","United States","Female","DATA_EXPIRED","C1NU8C6K","DATA_EXPIRED"
276,0,1,0,1,1,1,58234,152716,48492,259442,1748638811667,1748638658951,1,51,5,20,8571,"38","White","United States","Male","Part-Time","C1NU8C6K","No"
277,1,1,0,1,0,1,102736,394904,63536,561176,1748638805871,1748638410967,1,69,100,10,25,"45","Mixed","United States","Female","Full-Time","C1NU8C6K","No"
278,0,1,0,1,0,1,99758,202056,59811,361625,1748638815648,1748638613592,1,52,100,0,1724,"42","Black","United States","Male","Unemployed (and job seeking)","C1NU8C6K","No"
279,0,1,0,1,1,1,111877,197378,127741,436996,1748638798885,1748638601507,1,56,100,10,5238,"31","White","United States","Female","Full-Time","C1NU8C6K","No"
280,1,1,0,1,0,1,86913,337666,64738,489317,1748638819085,1748638481419,1,83,10,20,764,"31","Black","United States","Female","Full-Time","C1NU8C6K","No"
281,0,0,0,0,0,1,143088,331651,126802,601541,1748638792442,1748638460791,1,55,5,0,27,"47","Black","United States","Female","Part-Time","C1NU8C6K","No"
282,1,1,0,1,0,1,156970,215460,61537,433967,1748638850539,1748638635079,1,62,5,30,7175,"66","White","United States","Female","Part-Time","C1NU8C6K","No"
283,0,0,0,0,0,1,235570,304721,77796,618087,1748638846134,1748638541413,1,52,5,20,38,"49","White","United States","Female","Part-Time","C1NU8C6K","No"
284,0,0,0,0,1,1,180162,237885,69838,487885,1748638858548,1748638620663,1,71,5,20,367,"27","White","United States","Female","DATA_EXPIRED","C1NU8C6K","DATA_EXPIRED"
285,1,1,0,1,0,1,174752,163221,105665,443638,1748638828905,1748638665684,1,58,5,20,420,"34","White","United States","Male","Full-Time","C1NU8C6K","No"
286,0,1,0,1,0,1,245632,176296,84584,506512,1748638859964,1748638683668,1,44,100,10,144,"19","Black","United States","Male","Part-Time","C1NU8C6K","Yes"
287,0,0,0,0,0,1,183982,265854,78551,528387,1748638879462,1748638613608,1,66,5,20,479,"34","White","United States","Female","Part-Time","C1NU8C6K","No"
288,1,1,0,1,0,1,202747,173578,137560,513885,1748638865275,1748638691697,1,45,5,20,314,"54","White","United States","Male","Part-Time","C1NU8C6K","No"
289,0,0,0,0,0,1,127985,130413,61677,320075,1748638904601,1748638774188,1,49,5,10,237,"23","White","United States","Male","Unemployed (and job seeking)","C1NU8C6K","Yes"
290,1,1,0,1,0,1,171622,340651,58580,570853,1748638908050,1748638567399,1,85,5,20,13,"65","White","United States","Female","Part-Time","C1NU8C6K","No"
291,0,0,0,0,0,1,68441,151092,49679,269212,1748638917729,1748638766637,1,69,5,10,7629,"38","Mixed","Singapore","Male","Full-Time","C1NU8C6K","No"
292,1,1,0,1,0,1,202459,185396,78686,466541,1748638892625,1748638707229,1,67,100,20,918,"37","Black","United States","Female","Part-Time","C1NU8C6K","No"
293,0,0,0,0,0,1,163887,229521,111781,505189,1748638874720,1748638645199,1,51,5,10,781,"42","White","United States","Female","DATA_EXPIRED","C1NU8C6K","DATA_EXPIRED"
294,1,0,1,0,1,1,205669,308294,77333,591296,1748638899657,1748638591363,1,68,5,10,8615,"55","White","United States","Male","Full-Time","C1NU8C6K","No"
295,1,0,1,0,1,1,115854,520625,86538,723017,1748638900707,1748638380082,1,75,5,10,12,"31","White","United States","Female","Full-Time","C1NU8C6K","No"
296,1,1,0,1,0,1,70384,200888,116024,387296,1748638874305,1748638673417,1,56,5,20,1414,"49","White","United States","Female","Part-Time","C1NU8C6K","No"
297,1,1,0,1,0,1,256931,345890,72412,675233,1748638924930,1748638579040,1,70,100,10,256,"27","Black","United States","Male","Part-Time","C1NU8C6K","No"
298,0,0,0,0,0,1,190819,247270,73594,511683,1748638941504,1748638694234,1,57,5,20,708,"28","Black","Nigeria","Male","Full-Time","C1NU8C6K","No"
299,1,0,0,0,0,1,119402,418127,106043,643572,1748638914297,1748638496170,1,67,100,10,28,"38","Black","United States","Female","Part-Time","C1NU8C6K","DATA_EXPIRED"
300,0,0,0,0,1,1,104063,360548,80289,544900,1748638969650,1748638609102,1,51,5,10,6017,"42","Mixed","United States","Male","Full-Time","C1NU8C6K","No"
301,1,1,0,1,0,1,283388,406544,88765,778697,1748638973296,1748638566752,1,76,100,10,18,"47","White","United States","Female","Other","C1NU8C6K","No"
302,1,1,1,1,1,1,137617,343794,64788,546199,1748639012404,1748638668610,1,60,5,20,135,"34","Black","United States","Male","Full-Time","C1NU8C6K","DATA_EXPIRED"
305,1,1,1,1,1,1,175745,396025,103527,675297,1748639071906,1748638675881,1,55,100,0,47,"23","Black","United States","Female","DATA_EXPIRED","C1NU8C6K","DATA_EXPIRED"
306,1,1,1,1,1,1,62090,373400,93017,528507,1748639083162,1748638709762,1,54,100,20,52,"18","Black","United States","Male","DATA_EXPIRED","C1NU8C6K","DATA_EXPIRED"
307,0,0,0,0,1,1,252624,364782,62213,679619,1748639127148,1748638762366,1,60,5,20,205,"28","White","United States","Female","Full-Time","C1NU8C6K","No"
308,1,0,0,0,0,1,299118,344065,72003,715186,1748639124074,1748638780009,1,79,5,20,73,"44","Black","United States","Female","Full-Time","C1NU8C6K","No"
309,0,0,0,0,0,1,154096,198389,237186,589671,1748638963560,1748638765171,1,71,100,0,2551,"53","White","United States","Female","Unemployed (and job seeking)","C1NU8C6K","No"
310,1,1,0,1,0,1,223031,423501,107566,754098,1748639107119,1748638683618,1,47,5,20,853,"52","White","United States","Male","Full-Time","C1NU8C6K","No"
311,0,1,0,1,0,1,226212,435876,89008,751096,1748639125080,1748638689204,1,71,5,20,656,"33","Black","United States","Male","Part-Time","C1NU8C6K","No"
312,1,1,0,1,0,1,189765,244258,103872,537895,1748639133376,1748638889118,1,109,5,10,5135,"73","White","United States","Male","Not in paid work (e.g. homemaker', 'retired or disabled)","C1NU8C6K","No"
313,1,1,1,1,1,1,308453,213432,83294,605179,1748639165961,1748638952529,1,58,5,0,911,"71","White","United States","Male","Other","C1NU8C6K","No"
314,1,0,0,0,0,1,183680,553972,76447,814099,1748639188504,1748638634532,1,71,5,20,51,"21","White","United States","Female","Full-Time","C1NU8C6K","Yes"
315,1,1,1,1,1,1,226951,594762,61272,882985,1748639216697,1748638621935,1,104,100,20,118,"32","White","United States","Male","Part-Time","C1NU8C6K","No"
316,1,1,1,1,1,1,139600,458887,74573,673060,1748639206484,1748638747597,1,65,5,10,258,"34","White","United States","Female","Full-Time","C1NU8C6K","No"
317,1,1,0,1,0,1,184635,526681,88257,799573,1748639194320,1748638667639,1,49,5,20,985,"25","Black","United States","Female","Full-Time","C1NU8C6K","No"
318,1,0,0,0,0,1,231253,403235,99933,734421,1748639185280,1748638782045,1,59,5,20,460,"28","White","United States","Male","Part-Time","C1NU8C6K","No"
319,1,1,0,1,0,1,187043,650516,87914,925473,1748639219213,1748638568697,1,81,5,0,588,"28","White","United States","Female","Part-Time","C1NU8C6K","No"
320,0,1,0,1,0,1,180292,376060,75322,631674,1748639242953,1748638866893,1,53,5,20,497,"33","White","United States","Male","Full-Time","C1NU8C6K","DATA_EXPIRED"
321,1,0,0,0,0,1,214271,631844,76578,922693,1748639264361,1748638632517,1,78,5,20,713,"23","Black","United States","Female","Part-Time","C1NU8C6K","No"
322,1,0,1,0,1,1,184280,722663,117323,1024266,1748639250183,1748638527520,1,80,5,20,796,"30","Black","United States","Male","Part-Time","C1NU8C6K","Yes"
323,1,0,0,0,0,1,200179,650515,88331,939025,1748639260128,1748638609613,1,77,5,20,908,"40","White","United States","Male","Part-Time","C1NU8C6K","No"
325,1,1,0,1,0,1,142796,634819,78389,856004,1748639280656,1748638645837,1,103,5,10,67,"31","White","United States","Male","Part-Time","C1NU8C6K","Yes"
326,1,0,0,0,0,1,104715,807279,138079,1050073,1748639310264,1748638502985,1,103,5,10,1391,"48","White","Canada","Female","Not in paid work (e.g. homemaker', 'retired or disabled)","C1NU8C6K","DATA_EXPIRED"
327,0,0,0,0,1,1,258720,198459,54954,512133,1748639373451,1748639174992,1,60,100,0,1267,"32","White","United States","Male","Full-Time","C1NU8C6K","No"
328,1,1,1,1,1,1,309760,246923,61607,618290,1748639369621,1748639122698,1,92,10,20,6679,"34","White","United States","Male","DATA_EXPIRED","C1NU8C6K","Yes"
329,1,1,0,1,0,1,275202,818931,144427,1238560,1748639301657,1748638482726,1,75,5,20,32,"60","Black","United States","Female","DATA_EXPIRED","C1NU8C6K","DATA_EXPIRED"
330,1,1,1,1,1,1,216753,542275,103968,862996,1748639402677,1748638860402,1,92,100,20,149,"38","White","United States","Female","Part-Time","C1NU8C6K","No"
331,0,0,0,0,0,1,438652,468331,71644,978627,1748639440392,1748638972061,1,76,5,20,1030,"31","Asian","United States","Female","DATA_EXPIRED","C1NU8C6K","No"
332,1,1,0,1,0,1,343639,771634,85133,1200406,1748639492090,1748638720456,1,75,100,20,1008,"56","White","United States","Female","Part-Time","C1NU8C6K","No"
333,1,0,0,0,0,1,182059,767973,84912,1034944,1748639494485,1748638726512,1,124,100,30,3,"49","White","United States","Male","Part-Time","C1NU8C6K","No"
334,0,1,0,1,1,1,442107,326035,105958,874100,1748639533171,1748639207136,1,69,100,0,142,"60","Black","United States","Female","Part-Time","C1NU8C6K","No"
335,1,0,1,0,1,1,419548,657897,105343,1182788,1748639526446,1748638868549,1,71,5,20,1878,"26","White","United States","Female","Full-Time","C1NU8C6K","Yes"
336,1,1,1,1,1,1,239933,777973,123198,1141104,1748639525154,1748638747181,1,79,5,0,69,"31","White","United States","Male","Part-Time","C1NU8C6K","No"
337,0,0,0,0,0,1,319806,325447,114915,760168,1748639605429,1748639279982,1,45,5,0,260,"23","Black","United States","Male","Full-Time","C1NU8C6K","Yes"
338,1,0,1,0,1,1,69347,315130,80107,464584,1748639673935,1748639358805,1,45,5,20,525,"45","Black","United States","Female","Full-Time","C1NU8C6K","Yes"
339,1,1,0,1,0,1,97400,206577,63828,367805,1748639692385,1748639485808,1,54,5,20,10665,"61","White","United States","Male","Full-Time","C1NU8C6K","No"
340,1,0,0,0,0,1,64455,323131,73210,460796,1748639695398,1748639372267,1,149,5,20,316,"20","Black","United States","Male","Part-Time","C1NU8C6K","Yes"
341,0,0,0,0,0,1,256086,787097,74803,1117986,1748639724596,1748638937499,1,105,5,20,64,"24","White","United States","Female","Part-Time","C1NU8C6K","Yes"
342,0,0,0,0,1,1,252333,290393,96656,639382,1748639709013,1748639418620,1,72,100,10,1954,"39","Other","United States","Male","DATA_EXPIRED","C1NU8C6K","DATA_EXPIRED"
343,1,1,1,1,1,1,433024,915172,99020,1447216,1748639730881,1748638815709,1,99,100,20,118,"31","White","United States","Female","Part-Time","C1NU8C6K","No"
345,1,1,0,1,0,1,158302,1213576,119824,1491702,1748639797373,1748638583797,1,262,100,10,394,"25","Black","United States","Female","Part-Time","C1NU8C6K","Yes"
347,1,0,1,0,1,1,418854,556190,100326,1075370,1748639872850,1748639316660,1,59,5,10,405,"21","Other","United States","Female","Part-Time","C1NU8C6K","No"
349,1,1,1,1,1,1,378753,1366235,127504,1872492,1748639959758,1748638593523,1,114,5,20,8,"29","Black","United States","Female","Unemployed (and job seeking)","C1NU8C6K","No"
350,0,1,0,1,1,1,1066043,598257,102254,1766554,1748640009673,1748639411416,1,94,5,0,71,"38","White","United States","Male","Part-Time","C1NU8C6K","No"
351,1,0,0,0,0,1,123921,144841,69636,338398,1748640119361,1748639974520,1,80,5,20,100,"32","White","United States","Female","Full-Time","C1NU8C6K","No"
353,0,0,0,0,0,1,75964,105588,49939,231491,1748640228312,1748640122724,1,51,100,20,1668,"43","White","United States","Female","Full-Time","C1NU8C6K","No"
354,1,1,1,1,1,1,240528,1866450,120093,2227071,1748640466788,1748638600338,1,88,100,20,124,"22","Black","United States","Female","DATA_EXPIRED","C1NU8C6K","DATA_EXPIRED"
355,0,0,0,0,1,1,94910,318988,82820,496718,1748640553685,1748640234697,1,46,100,20,6525,"57","White","United States","Male","DATA_EXPIRED","C1NU8C6K","DATA_EXPIRED"
356,1,1,0,1,0,1,628339,1284753,275651,2188743,1748640417347,1748639132594,1,179,100,10,39,"30","Black","United States","Male","Part-Time","C1NU8C6K","No"
357,0,0,0,0,1,1,82317,262967,68170,413454,1748640876076,1748640613109,1,53,5,10,9486,"75","White","United States","Male","DATA_EXPIRED","C1NU8C6K","DATA_EXPIRED"
359,0,0,0,0,0,1,60491,136116,54770,251377,1748641846870,1748641710754,1,60,100,20,146,"31","Mixed","United States","Female","Part-Time","C1NU8C6K","Yes"
360,1,1,1,1,1,1,245042,449850,86591,781483,1748641868236,1748641418386,1,54,5,20,4561,"27","White","United States","Male","DATA_EXPIRED","C1NU8C6K","DATA_EXPIRED"
362,0,1,0,1,1,1,70733,95753,54857,221343,1748643156990,1748643061237,1,55,5,20,5987,"30","Asian","United States","Female","Unemployed (and job seeking)","C1NU8C6K","DATA_EXPIRED"
363,0,0,0,0,0,1,70388,165000,53217,288605,1748643203217,1748643038217,1,53,5,0,2499,"27","White","United States","Female","Unemployed (and job seeking)","C1NU8C6K","No"
364,1,1,1,1,1,1,86513,136865,70333,293711,1748643193102,1748643056237,1,46,5,20,914,"47","White","United States","Female","Part-Time","C1NU8C6K","No"
365,1,1,0,1,0,1,48997,195344,58452,302793,1748643205405,1748643010061,1,54,100,10,2176,"44","White","United States","Female","DATA_EXPIRED","C1NU8C6K","DATA_EXPIRED"
366,0,0,0,0,0,1,97467,153875,95877,347219,1748643197650,1748643043775,1,55,5,20,3404,"42","White","United States","Female","Full-Time","C1NU8C6K","No"
367,0,0,0,0,1,1,82701,105815,52532,241048,1748643269662,1748643163847,1,68,5,10,216,"24","White","United States","Male","Full-Time","C1NU8C6K","No"
368,0,0,0,0,1,1,55624,143862,53268,252754,1748643270151,1748643126289,1,61,5,10,2276,"37","Black","United States","Female","Other","C1NU8C6K","No"
369,0,0,0,0,1,1,86572,90580,51417,228569,1748643312012,1748643221432,1,43,5,10,6588,"29","White","United States","Female","Full-Time","C1NU8C6K","DATA_EXPIRED"
370,1,1,1,1,1,1,43078,82539,64623,190240,1748643357695,1748643275156,1,72,5,10,1159,"31","Asian","United States","Female","Full-Time","C1NU8C6K","No"
371,0,0,0,0,1,1,178437,220367,80156,478960,1748643391257,1748643170890,1,74,30,20,723,"35","Mixed","United States","Male","Part-Time","C1NU8C6K","No"
372,1,1,0,1,0,1,158867,230256,50173,439296,1748643525488,1748643295232,1,61,5,10,5331,"47","White","United States","Female","Full-Time","C1NU8C6K","No"
373,0,1,0,1,0,1,147411,290430,80486,518327,1748643538319,1748643247889,1,62,5,20,7910,"37","White","United States","Female","Other","C1NU8C6K","No"
374,1,1,1,1,1,1,218055,357928,81894,657877,1748643548671,1748643190743,1,125,5,20,46,"30","Black","United States","Female","DATA_EXPIRED","C1NU8C6K","DATA_EXPIRED"
375,1,1,1,1,1,1,242826,171616,148790,563232,1748643581712,1748643410096,1,100,5,20,771,"34","White","United States","Female","Part-Time","C1NU8C6K","No"
377,0,0,0,0,0,1,96957,590297,62503,749757,1748643680098,1748643089801,1,62,5,20,9000,"64","White","United States","Male","Full-Time","C1NU8C6K","No"
378,0,1,0,1,1,1,199061,484566,93623,777250,1748643662495,1748643177929,1,67,5,10,53,"37","White","United States","Male","DATA_EXPIRED","C1NU8C6K","DATA_EXPIRED"
379,0,0,0,0,0,1,63284,131939,58770,253993,1748643704576,1748643572637,1,45,5,10,6737,"33","White","United States","Male","Full-Time","C1NU8C6K","No"
380,0,1,0,1,0,1,337798,293208,154551,785557,1748643732365,1748643439157,1,67,5,20,22,"23","Black","United States","Male","Part-Time","C1NU8C6K","Yes"
381,0,0,0,0,1,1,186891,419256,109724,715871,1748643733866,1748643314610,1,49,100,10,130,"24","White","United States","Female","Full-Time","C1NU8C6K","Yes"
382,1,1,1,1,1,1,207728,446223,92069,746020,1748643768816,1748643322593,1,75,5,20,2,"27","White","United States","Male","Full-Time","C1NU8C6K","No"
384,1,0,1,0,1,1,206990,563329,111468,881787,1748643866111,1748643302782,1,51,100,20,21,"24","Black","United States","Male","Part-Time","C1NU8C6K","No"
385,0,0,0,0,1,1,92409,188787,84037,365233,1748643973113,1748643784326,1,48,100,20,1984,"49","White","United States","Male","DATA_EXPIRED","C1NU8C6K","DATA_EXPIRED"
386,1,0,1,0,1,1,239283,791049,110077,1140409,1748644021978,1748643230929,1,113,100,10,262,"24","Black","United States","Female","Part-Time","C1NU8C6K","No"
387,0,0,0,0,0,1,301503,566172,56916,924591,1748644081882,1748643515710,1,70,5,20,3590,"36","White","United States","Male","DATA_EXPIRED","C1NU8C6K","DATA_EXPIRED"
388,1,1,0,1,0,1,342346,763189,121242,1226777,1748644125027,1748643361838,1,108,5,20,1,"35","Black","United States","Male","Part-Time","C1NU8C6K","No"
389,0,0,0,0,0,1,89937,169846,59536,319319,1748644236113,1748644066267,1,48,100,10,911,"52","White","United States","Female","Not in paid work (e.g. homemaker', 'retired or disabled)","C1NU8C6K","No"
390,0,1,0,1,1,1,83373,209609,76900,369882,1748644254738,1748644045129,1,45,5,10,3698,"49","Asian","United States","Female","DATA_EXPIRED","C1NU8C6K","DATA_EXPIRED"
391,0,1,0,1,0,1,100488,203495,63685,367668,1748644289517,1748644086022,1,61,5,10,5060,"56","White","United States","Female","Full-Time","C1NU8C6K","No"
392,0,0,0,0,1,1,120501,474828,61675,657004,1748644293244,1748643818416,1,94,105,30,2054,"32","Mixed","United States","Male","Full-Time","C1NU8C6K","DATA_EXPIRED"
393,0,1,0,1,1,1,231707,433785,82108,747600,1748644817321,1748644383536,1,81,100,20,45,"43","Black","United States","Male","Full-Time","C1NU8C6K","Yes"
394,0,0,0,0,1,1,219832,666242,73263,959337,1748644939994,1748644273752,1,73,5,10,133,"77","White","United States","Female","Not in paid work (e.g. homemaker', 'retired or disabled)","C1NU8C6K","No"
395,0,0,0,0,1,1,84392,199947,70712,355051,1748645085872,1748644885925,1,55,5,10,3164,"60","White","United States","Female","DATA_EXPIRED","C1NU8C6K","DATA_EXPIRED"
397,0,0,0,0,0,1,258575,222281,194459,675315,1748645482786,1748645260505,1,65,5,20,830,"72","White","United States","Female","Full-Time","C1NU8C6K","No"
398,1,1,1,1,1,1,118385,784312,71465,974162,1748646254013,1748645469701,1,71,5,10,3,"44","White","United States","Male","Full-Time","C1NU8C6K","No"
399,0,0,0,0,0,1,166290,185135,57674,409099,1748646486244,1748646301109,1,56,5,20,1600,"66","White","United States","Female","Full-Time","C1NU8C6K","No"
400,1,1,1,1,1,1,84178,226910,56917,368005,1748646598059,1748646371149,1,86,5,20,5070,"58","White","United States","Male","Full-Time","C1NU8C6K","No"
401,0,0,0,0,1,1,152403,422601,93653,668657,1748648240482,1748647817881,1,55,100,10,163,"33","White","United States","Male","Part-Time","C1NU8C6K","Yes"
402,1,0,0,0,0,1,311853,1028720,94949,1435522,1748648438226,1748647409506,1,100,100,20,335,"30","Black","United States","Male","Full-Time","C1NU8C6K","No"
